{
  "VOTO25": {
    "accuracy": 0.7135291285507944,
    "f1_macro": 0.37585810207015885,
    "f1_weighted": 0.6653771364008809,
    "log_loss": 0.878781150087155,
    "n_samples": 10385,
    "n_classes": 6,
    "feat": "B",
    "algo": "gb",
    "fold_accs": [
      0.7114384748700173,
      0.7111496244945118,
      0.7180005778676684
    ]
  },
  "GESNAC": {
    "accuracy": 0.39547424169475204,
    "f1_macro": 0.18812560706713607,
    "f1_weighted": 0.29124600810268386,
    "log_loss": 1.4348730146638562,
    "n_samples": 10385,
    "n_classes": 5,
    "feat": "A",
    "algo": "gb",
    "fold_accs": [
      0.39312536106296936,
      0.39312536106296936,
      0.40017336030049117
    ]
  },
  "MILEI2": {
    "accuracy": 0.5658160808858931,
    "f1_macro": 0.37713483785855395,
    "f1_weighted": 0.5533208039880003,
    "log_loss": 0.7716009134581414,
    "n_samples": 10385,
    "n_classes": 3,
    "feat": "A",
    "algo": "lr",
    "fold_accs": [
      0.5652801848642404,
      0.559214326978625,
      0.5729557931233747
    ]
  },
  "CFK2": {
    "accuracy": 0.6087626384207993,
    "f1_macro": 0.285964717202662,
    "f1_weighted": 0.4927103084565485,
    "log_loss": 0.7610631743961783,
    "n_samples": 10385,
    "n_classes": 3,
    "feat": "A",
    "algo": "lr",
    "fold_accs": [
      0.607163489312536,
      0.6051415366839977,
      0.6139843975729558
    ]
  },
  "MM2": {
    "accuracy": 0.574277943271597,
    "f1_macro": 0.2943744701354502,
    "f1_weighted": 0.4783410539985483,
    "log_loss": 0.7822960684486708,
    "n_samples": 7721,
    "n_classes": 3,
    "feat": "A",
    "algo": "lr",
    "fold_accs": [
      0.5730380730380731,
      0.5707070707070707,
      0.579090555771473
    ]
  },
  "PBULL2": {
    "accuracy": 0.532055433234037,
    "f1_macro": 0.3718197475357245,
    "f1_weighted": 0.5209642809374824,
    "log_loss": 0.807040226785046,
    "n_samples": 7721,
    "n_classes": 3,
    "feat": "A",
    "algo": "lr",
    "fold_accs": [
      0.5442890442890443,
      0.5271950271950272,
      0.5246793626117373
    ]
  },
  "KICI2": {
    "accuracy": 0.5538142727625955,
    "f1_macro": 0.3396294649665434,
    "f1_weighted": 0.4629328762280781,
    "log_loss": 0.8491938324858723,
    "n_samples": 7721,
    "n_classes": 3,
    "feat": "A",
    "algo": "lr",
    "fold_accs": [
      0.5547785547785548,
      0.5559440559440559,
      0.550719005052468
    ]
  },
  "ECOHOY": {
    "accuracy": 0.40741454020221474,
    "f1_macro": 0.20055568025951867,
    "f1_weighted": 0.32956476237991195,
    "log_loss": 1.3014229089181677,
    "n_samples": 10385,
    "n_classes": 5,
    "feat": "A",
    "algo": "gb",
    "fold_accs": [
      0.4127671865973426,
      0.40641247833622185,
      0.403062698642011
    ]
  },
  "ECOPROSPE": {
    "accuracy": 0.44496870486278284,
    "f1_macro": 0.24503058802767402,
    "f1_weighted": 0.37191483406570386,
    "log_loss": 1.1906827445523576,
    "n_samples": 10385,
    "n_classes": 4,
    "feat": "A",
    "algo": "gb",
    "fold_accs": [
      0.4413633737723859,
      0.4488734835355286,
      0.444669170759896
    ]
  },
  "RUMBO": {
    "accuracy": 0.4944631680308137,
    "f1_macro": 0.3553650185801763,
    "f1_weighted": 0.45873208711319347,
    "log_loss": 0.9609926477688279,
    "n_samples": 10385,
    "n_classes": 3,
    "feat": "A",
    "algo": "lr",
    "fold_accs": [
      0.5046216060080878,
      0.501155401502022,
      0.47760762785322164
    ]
  },
  "SENTIMIENTO": {
    "accuracy": 0.5206547905633124,
    "f1_macro": 0.2064024758079443,
    "f1_weighted": 0.4441060455504441,
    "log_loss": 1.3832651592056076,
    "n_samples": 10385,
    "n_classes": 8,
    "feat": "B",
    "algo": "gb",
    "fold_accs": [
      0.5199306759098787,
      0.5190641247833622,
      0.5229702398150824
    ]
  },
  "VOTO25_A": {
    "accuracy": 0.34915743861338466,
    "f1_macro": 0.18949321127811314,
    "n_samples": 10385,
    "feat": "A"
  }
}