{
  "GESNAC": {
    "accuracy": 0.658596635207222,
    "f1_macro": 0.5410154100367027,
    "f1_weighted": 0.6390852242739087,
    "n_samples": 12185,
    "n_classes": 5,
    "feat": "B",
    "algo": "rf"
  },
  "MILEI2": {
    "accuracy": 0.8595814526056627,
    "f1_macro": 0.5940764459824771,
    "f1_weighted": 0.8505701415258192,
    "n_samples": 12185,
    "n_classes": 3,
    "feat": "B",
    "algo": "lr"
  },
  "CFK2": {
    "accuracy": 0.7606893721789085,
    "f1_macro": 0.5083601163574265,
    "f1_weighted": 0.7495297597136104,
    "n_samples": 12185,
    "n_classes": 3,
    "feat": "B",
    "algo": "lr"
  },
  "MM2": {
    "accuracy": 0.7242936666316563,
    "f1_macro": 0.4828805198286709,
    "f1_weighted": 0.7075425497727017,
    "n_samples": 9521,
    "n_classes": 3,
    "feat": "B",
    "algo": "lr"
  },
  "PBULL2": {
    "accuracy": 0.7992857893078458,
    "f1_macro": 0.5604948196875682,
    "f1_weighted": 0.7834246964087868,
    "n_samples": 9521,
    "n_classes": 3,
    "feat": "B",
    "algo": "lr"
  },
  "KICI2": {
    "accuracy": 0.730070370759374,
    "f1_macro": 0.5741284250054178,
    "f1_weighted": 0.7146989099860726,
    "n_samples": 9521,
    "n_classes": 3,
    "feat": "B",
    "algo": "lr"
  },
  "ECOHOY": {
    "accuracy": 0.649322938038572,
    "f1_macro": 0.39285052703407686,
    "f1_weighted": 0.6193385453878353,
    "n_samples": 12185,
    "n_classes": 5,
    "feat": "B",
    "algo": "rf"
  },
  "ECOPROSPE": {
    "accuracy": 0.7463274517849815,
    "f1_macro": 0.5355971428446274,
    "f1_weighted": 0.6952271902561259,
    "n_samples": 12185,
    "n_classes": 4,
    "feat": "B",
    "algo": "rf"
  },
  "RUMBO": {
    "accuracy": 0.7792367665162084,
    "f1_macro": 0.6611434314761968,
    "f1_weighted": 0.7617213504039073,
    "n_samples": 12185,
    "n_classes": 3,
    "feat": "B",
    "algo": "lr"
  },
  "SENTIMIENTO": {
    "accuracy": 0.5078375051292573,
    "f1_macro": 0.20421142419205143,
    "f1_weighted": 0.4248096328115382,
    "n_samples": 12185,
    "n_classes": 8,
    "feat": "B",
    "algo": "rf"
  }
}